Nombre,Coleccion,Fecha,Condicion,URL
Gaea's Cradle,Urza's Saga,1999,EX,https://marketplace-article-scans-production-current.s3.eu-central-1.amazonaws.com/1283824701/1283824701.jpg
Gaea's Cradle,Urza's Saga,1999,EX,https://marketplace-article-scans-production-current.s3.eu-central-1.amazonaws.com/1428759976/1428759976.jpg
Gaea's Cradle,Urza's Saga,1999,EX,https://marketplace-article-scans-production-current.s3.eu-central-1.amazonaws.com/1428758376/1428758376.jpg
Gaea's Cradle,Urza's Saga,1999,EX,https://marketplace-article-scans-production-current.s3.eu-central-1.amazonaws.com/1460252632/1460252632.jpg
Gaea's Cradle,Urza's Saga,1999,EX,https://marketplace-article-scans-production-current.s3.eu-central-1.amazonaws.com/1206604957/1206604957.jpg
Gaea's Cradle,Urza's Saga,1999,EX,https://marketplace-article-scans-production-current.s3.eu-central-1.amazonaws.com/1384962745/1384962745.jpg
Gaea's Cradle,Urza's Saga,1999,EX,https://marketplace-article-scans-production-current.s3.eu-central-1.amazonaws.com/1226989590/1226989590.jpg
Gaea's Cradle,Urza's Saga,1999,EX,https://marketplace-article-scans-production-current.s3.eu-central-1.amazonaws.com/1450354084/1450354084.jpg
Gaea's Cradle,Urza's Saga,1999,EX,https://marketplace-article-scans-production-current.s3.eu-central-1.amazonaws.com/1430441588/1430441588.jpg
Gaea's Cradle,Urza's Saga,1999,EX,https://marketplace-article-scans-production-current.s3.eu-central-1.amazonaws.com/1430441478/1430441478.jpg
Force of Will,Alliances,1996,GD,https://marketplace-article-scans-production-current.s3.eu-central-1.amazonaws.com/1457736836/1457736836.jpg
Force of Will,Alliances,1996,GD,https://marketplace-article-scans-production-current.s3.eu-central-1.amazonaws.com/1457732895/1457732895.jpg
Force of Will,Alliances,1996,GD,https://marketplace-article-scans-production-current.s3.eu-central-1.amazonaws.com/1457734887/1457734887.jpg
Force of Will,Alliances,1996,GD,https://marketplace-article-scans-production-current.s3.eu-central-1.amazonaws.com/1457731957/1457731957.jpg
Force of Will,Alliances,1996,GD,https://marketplace-article-scans-production-current.s3.eu-central-1.amazonaws.com/1461481996/1461481996.jpg
Force of Will,Alliances,1996,GD,https://marketplace-article-scans-production-current.s3.eu-central-1.amazonaws.com/1419364465/1419364465.jpg
Force of Will,Alliances,1996,GD,https://marketplace-article-scans-production-current.s3.eu-central-1.amazonaws.com/1408025276/1408025276.jpg
Force of Will,Alliances,1996,GD,https://marketplace-article-scans-production-current.s3.eu-central-1.amazonaws.com/1461884450/1461884450.jpg
Force of Will,Alliances,1996,GD,https://marketplace-article-scans-production-current.s3.eu-central-1.amazonaws.com/1450356663/1450356663.jpg
Force of Will,Alliances,1996,GD,https://marketplace-article-scans-production-current.s3.eu-central-1.amazonaws.com/1450356591/1450356591.jpg
Wheel of Fortune,Beta,1993,LP,https://marketplace-article-scans-production-current.s3.eu-central-1.amazonaws.com/1431872263/1431872263.jpg
Wheel of Fortune,Beta,1993,LP,https://marketplace-article-scans-production-current.s3.eu-central-1.amazonaws.com/586455451/586455451.jpg
Wheel of Fortune,Beta,1993,LP,https://marketplace-article-scans-production-current.s3.eu-central-1.amazonaws.com/1437738049/1437738049.jpg
Demonic Consultation,Ice Age,1995,LP,https://marketplace-article-scans-production-current.s3.eu-central-1.amazonaws.com/1185652501/1185652501.jpg
Demonic Consultation,Ice Age,1995,LP,https://marketplace-article-scans-production-current.s3.eu-central-1.amazonaws.com/1458009863/1458009863.jpg
Demonic Consultation,Ice Age,1995,LP,https://marketplace-article-scans-production-current.s3.eu-central-1.amazonaws.com/1445712654/1445712654.jpg
Mox Diamond,Stronghold,1998,LP,https://marketplace-article-scans-production-current.s3.eu-central-1.amazonaws.com/1465144396/1465144396.jpg
Mox Diamond,Stronghold,1998,LP,https://marketplace-article-scans-production-current.s3.eu-central-1.amazonaws.com/1167710976/1167710976.jpg
Mox Diamond,Stronghold,1998,LP,https://marketplace-article-scans-production-current.s3.eu-central-1.amazonaws.com/1400996848/1400996848.jpg
Mox Diamond,Stronghold,1998,LP,https://marketplace-article-scans-production-current.s3.eu-central-1.amazonaws.com/913414049/913414049.jpg
Gaea's Cradle,Urza's Saga,1999,MT,https://marketplace-article-scans-production-current.s3.eu-central-1.amazonaws.com/1373802694/1373802694.jpg
Gaea's Cradle,Urza's Saga,1999,MT,https://marketplace-article-scans-production-current.s3.eu-central-1.amazonaws.com/1381326238/1381326238.jpg
Force of Will,Alliances,1996,NM,https://marketplace-article-scans-production-current.s3.eu-central-1.amazonaws.com/1451759019/1451759019.jpg
Force of Will,Alliances,1996,NM,https://marketplace-article-scans-production-current.s3.eu-central-1.amazonaws.com/1393605966/1393605966.jpg
Force of Will,Alliances,1996,NM,https://marketplace-article-scans-production-current.s3.eu-central-1.amazonaws.com/1426395960/1426395960.jpg
City of Brass,Arabian Nights,1993,NM,https://marketplace-article-scans-production-current.s3.eu-central-1.amazonaws.com/1272315841/1272315841.jpg
City of Brass,Arabian Nights,1993,NM,https://marketplace-article-scans-production-current.s3.eu-central-1.amazonaws.com/1393876035/1393876035.jpg
City of Brass,Arabian Nights,1993,NM,https://marketplace-article-scans-production-current.s3.eu-central-1.amazonaws.com/835832384/835832384.jpg
City of Brass,Arabian Nights,1993,NM,https://marketplace-article-scans-production-current.s3.eu-central-1.amazonaws.com/1173718061/1173718061.jpg
City of Brass,Arabian Nights,1993,NM,https://marketplace-article-scans-production-current.s3.eu-central-1.amazonaws.com/1269567709/1269567709.jpg
Wheel of Fortune,Beta,1993,NM,https://marketplace-article-scans-production-current.s3.eu-central-1.amazonaws.com/1456680880/1456680880.jpg
Wheel of Fortune,Beta,1993,NM,https://marketplace-article-scans-production-current.s3.eu-central-1.amazonaws.com/1400696465/1400696465.jpg
Sol Ring,Alpha,1993,PL,https://marketplace-article-scans-production-current.s3.eu-central-1.amazonaws.com/1272296057/1272296057.jpg
Sol Ring,Alpha,1993,PL,https://marketplace-article-scans-production-current.s3.eu-central-1.amazonaws.com/1285984938/1285984938.jpg
Sol Ring,Alpha,1993,PL,https://marketplace-article-scans-production-current.s3.eu-central-1.amazonaws.com/1438146249/1438146249.jpg
City of Brass,Arabian Nights,1993,PL,https://marketplace-article-scans-production-current.s3.eu-central-1.amazonaws.com/1216522085/1216522085.jpg
City of Brass,Arabian Nights,1993,PL,https://marketplace-article-scans-production-current.s3.eu-central-1.amazonaws.com/1388970817/1388970817.jpg
City of Brass,Arabian Nights,1993,PL,https://marketplace-article-scans-production-current.s3.eu-central-1.amazonaws.com/994276330/994276330.jpg
Wheel of Fortune,Beta,1993,PL,https://marketplace-article-scans-production-current.s3.eu-central-1.amazonaws.com/1436916457/1436916457.jpg
Time Walk,Beta,1993,PL,https://marketplace-article-scans-production-current.s3.eu-central-1.amazonaws.com/1436894099/1436894099.jpg
Gaea's Cradle,Urza's Saga,1999,PL,https://marketplace-article-scans-production-current.s3.eu-central-1.amazonaws.com/1406958243/1406958243.jpg
Gaea's Cradle,Urza's Saga,1999,PL,https://marketplace-article-scans-production-current.s3.eu-central-1.amazonaws.com/1441325773/1441325773.jpg
Sol Ring,Alpha,1993,PO,https://marketplace-article-scans-production-current.s3.eu-central-1.amazonaws.com/1400950369/1400950369.jpg
City of Brass,Arabian Nights,1993,PO,https://marketplace-article-scans-production-current.s3.eu-central-1.amazonaws.com/1455427785/1455427785.jpg
Time Walk,Beta,1993,PO,https://marketplace-article-scans-production-current.s3.eu-central-1.amazonaws.com/1381342422/1381342422.jpg
Mox Diamond,Stronghold,1998,PO,https://marketplace-article-scans-production-current.s3.eu-central-1.amazonaws.com/1403376359/1403376359.jpg
Mox Diamond,Stronghold,1998,PO,https://marketplace-article-scans-production-current.s3.eu-central-1.amazonaws.com/1421766782/1421766782.jpg
Mox Diamond,Stronghold,1998,PO,https://marketplace-article-scans-production-current.s3.eu-central-1.amazonaws.com/1449436792/1449436792.jpg
Mox Diamond,Stronghold,1998,PO,https://marketplace-article-scans-production-current.s3.eu-central-1.amazonaws.com/1378191383/1378191383.jpg
Mox Diamond,Stronghold,1998,PO,https://marketplace-article-scans-production-current.s3.eu-central-1.amazonaws.com/1383982031/1383982031.jpg
Aluren,Tempest,1997,PO,https://marketplace-article-scans-production-current.s3.eu-central-1.amazonaws.com/1281588015/1281588015.jpg
Aluren,Tempest,1997,PO,https://marketplace-article-scans-production-current.s3.eu-central-1.amazonaws.com/1397586855/1397586855.jpg
Forest,Alpha,1993,MT,https://marketplace-article-scans-production-current.s3.eu-central-1.amazonaws.com/1377820741/1377820741.jpg
Island,Alpha,1993,MT,https://marketplace-article-scans-production-current.s3.eu-central-1.amazonaws.com/1381910838/1381910838.jpg
